model,weights,accuracy,mean_confidence,ece,nll,brier
baseline,best,0.8974,0.9274917244911194,0.03187425744533537,0.3409608006477356,0.15520278576088042
baseline,final,0.8912,0.9467461109161377,0.05595380992591378,0.43904873728752136,0.17028493213733828
he_init,best,0.8971,0.9322656393051147,0.03688299908638004,0.3632298409938812,0.15804615431722382
he_init,final,0.889,0.9503940343856812,0.061394145783781995,0.470306932926178,0.17562257559811692
l2_0.001,best,0.8888,0.8784928917884827,0.010994958795607104,0.31442055106163025,0.1616767969969914
l2_0.001,final,0.8848,0.8868911862373352,0.00769504532516003,0.326864093542099,0.16696187885693456
l2_0.01,best,0.8666,0.8396523594856262,0.027447873699665063,0.3769886791706085,0.19384980309245894
l2_0.01,final,0.8658,0.841696560382843,0.024771545159816756,0.37968945503234863,0.19553283227959795
dropout_0.2,best,0.9025,0.9197692275047302,0.018381019529700317,0.30249863862991333,0.1433871020037804
dropout_0.2,final,0.9025,0.9197692275047302,0.018381019529700317,0.30249863862991333,0.1433871020037804
dropout_0.4,best,0.8949,0.9016245007514954,0.008693881535530065,0.29622265696525574,0.14933042122700918
dropout_0.4,final,0.8931,0.8938676714897156,0.009579808223247548,0.3026856780052185,0.15313117512334234
