model,monitor,patience,stop_epoch,restored_epoch,val_acc,val_ce,regret_pp,epochs_saved
baseline,val_loss,1,9,8,0.892799973487854,0.3066559433937073,0.4600048065185547,31
baseline,val_loss,2,10,8,0.892799973487854,0.3066559433937073,0.4600048065185547,30
baseline,val_loss,3,11,8,0.892799973487854,0.3066559433937073,0.4600048065185547,29
baseline,val_loss,4,12,8,0.892799973487854,0.3066559433937073,0.4600048065185547,28
baseline,val_loss,5,13,8,0.892799973487854,0.3066559433937073,0.4600048065185547,27
baseline,val_loss,6,14,8,0.892799973487854,0.3066559433937073,0.4600048065185547,26
baseline,val_loss,7,15,8,0.892799973487854,0.3066559433937073,0.4600048065185547,25
baseline,val_loss,8,16,8,0.892799973487854,0.3066559433937073,0.4600048065185547,24
baseline,val_loss,9,17,8,0.892799973487854,0.3066559433937073,0.4600048065185547,23
baseline,val_loss,10,18,8,0.892799973487854,0.3066559433937073,0.4600048065185547,22
baseline,val_loss,11,19,8,0.892799973487854,0.3066559433937073,0.4600048065185547,21
baseline,val_loss,12,20,8,0.892799973487854,0.3066559433937073,0.4600048065185547,20
baseline,val_loss,13,21,8,0.892799973487854,0.3066559433937073,0.4600048065185547,19
baseline,val_loss,14,22,8,0.892799973487854,0.3066559433937073,0.4600048065185547,18
baseline,val_loss,15,23,8,0.892799973487854,0.3066559433937073,0.4600048065185547,17
baseline,val_accuracy,1,7,6,0.8914999961853027,0.3108270466327667,0.5900025367736816,33
baseline,val_accuracy,2,10,8,0.892799973487854,0.3066559433937073,0.4600048065185547,30
baseline,val_accuracy,3,11,8,0.892799973487854,0.3066559433937073,0.4600048065185547,29
baseline,val_accuracy,4,12,8,0.892799973487854,0.3066559433937073,0.4600048065185547,28
baseline,val_accuracy,5,19,14,0.8968999981880188,0.31525081396102905,0.050002336502075195,21
baseline,val_accuracy,6,26,20,0.8974000215530396,0.3409608006477356,0.0,14
baseline,val_accuracy,7,27,20,0.8974000215530396,0.3409608006477356,0.0,13
baseline,val_accuracy,8,28,20,0.8974000215530396,0.3409608006477356,0.0,12
baseline,val_accuracy,9,29,20,0.8974000215530396,0.3409608006477356,0.0,11
baseline,val_accuracy,10,30,20,0.8974000215530396,0.3409608006477356,0.0,10
baseline,val_accuracy,11,31,20,0.8974000215530396,0.3409608006477356,0.0,9
baseline,val_accuracy,12,32,20,0.8974000215530396,0.3409608006477356,0.0,8
baseline,val_accuracy,13,33,20,0.8974000215530396,0.3409608006477356,0.0,7
baseline,val_accuracy,14,34,20,0.8974000215530396,0.3409608006477356,0.0,6
baseline,val_accuracy,15,35,20,0.8974000215530396,0.3409608006477356,0.0,5
he_init,val_loss,1,8,7,0.890500009059906,0.3085349500179291,0.6599962711334229,32
he_init,val_loss,2,9,7,0.890500009059906,0.3085349500179291,0.6599962711334229,31
he_init,val_loss,3,10,7,0.890500009059906,0.3085349500179291,0.6599962711334229,30
he_init,val_loss,4,11,7,0.890500009059906,0.3085349500179291,0.6599962711334229,29
he_init,val_loss,5,12,7,0.890500009059906,0.3085349500179291,0.6599962711334229,28
he_init,val_loss,6,13,7,0.890500009059906,0.3085349500179291,0.6599962711334229,27
he_init,val_loss,7,14,7,0.890500009059906,0.3085349500179291,0.6599962711334229,26
he_init,val_loss,8,15,7,0.890500009059906,0.3085349500179291,0.6599962711334229,25
he_init,val_loss,9,16,7,0.890500009059906,0.3085349500179291,0.6599962711334229,24
he_init,val_loss,10,17,7,0.890500009059906,0.3085349500179291,0.6599962711334229,23
he_init,val_loss,11,18,7,0.890500009059906,0.3085349500179291,0.6599962711334229,22
he_init,val_loss,12,19,7,0.890500009059906,0.3085349500179291,0.6599962711334229,21
he_init,val_loss,13,20,7,0.890500009059906,0.3085349500179291,0.6599962711334229,20
he_init,val_loss,14,21,7,0.890500009059906,0.3085349500179291,0.6599962711334229,19
he_init,val_loss,15,22,7,0.890500009059906,0.3085349500179291,0.6599962711334229,18
he_init,val_accuracy,1,7,6,0.8906000256538391,0.31350257992744446,0.6499946117401123,33
he_init,val_accuracy,2,8,6,0.8906000256538391,0.31350257992744446,0.6499946117401123,32
he_init,val_accuracy,3,9,6,0.8906000256538391,0.31350257992744446,0.6499946117401123,31
he_init,val_accuracy,4,10,6,0.8906000256538391,0.31350257992744446,0.6499946117401123,30
he_init,val_accuracy,5,11,6,0.8906000256538391,0.31350257992744446,0.6499946117401123,29
he_init,val_accuracy,6,12,6,0.8906000256538391,0.31350257992744446,0.6499946117401123,28
he_init,val_accuracy,7,13,6,0.8906000256538391,0.31350257992744446,0.6499946117401123,27
he_init,val_accuracy,8,34,26,0.8970999717712402,0.3632298409938812,0.0,6
he_init,val_accuracy,9,35,26,0.8970999717712402,0.3632298409938812,0.0,5
he_init,val_accuracy,10,36,26,0.8970999717712402,0.3632298409938812,0.0,4
he_init,val_accuracy,11,37,26,0.8970999717712402,0.3632298409938812,0.0,3
he_init,val_accuracy,12,38,26,0.8970999717712402,0.3632298409938812,0.0,2
he_init,val_accuracy,13,39,26,0.8970999717712402,0.3632298409938812,0.0,1
he_init,val_accuracy,14,40,26,0.8970999717712402,0.3632298409938812,0.0,0
he_init,val_accuracy,15,40,26,0.8970999717712402,0.3632298409938812,0.0,0
l2_0.001,val_loss,1,11,10,0.8820000290870667,0.3338859975337982,0.679999589920044,29
l2_0.001,val_loss,2,20,18,0.8838000297546387,0.3279697895050049,0.4999995231628418,20
l2_0.001,val_loss,3,27,24,0.8888000249862671,0.31442055106163025,0.0,13
l2_0.001,val_loss,4,28,24,0.8888000249862671,0.31442055106163025,0.0,12
l2_0.001,val_loss,5,29,24,0.8888000249862671,0.31442055106163025,0.0,11
l2_0.001,val_loss,6,30,24,0.8888000249862671,0.31442055106163025,0.0,10
l2_0.001,val_loss,7,31,24,0.8888000249862671,0.31442055106163025,0.0,9
l2_0.001,val_loss,8,32,24,0.8888000249862671,0.31442055106163025,0.0,8
l2_0.001,val_loss,9,33,24,0.8888000249862671,0.31442055106163025,0.0,7
l2_0.001,val_loss,10,34,24,0.8888000249862671,0.31442055106163025,0.0,6
l2_0.001,val_loss,11,35,24,0.8888000249862671,0.31442055106163025,0.0,5
l2_0.001,val_loss,12,36,24,0.8888000249862671,0.31442055106163025,0.0,4
l2_0.001,val_loss,13,37,24,0.8888000249862671,0.31442055106163025,0.0,3
l2_0.001,val_loss,14,38,24,0.8888000249862671,0.31442055106163025,0.0,2
l2_0.001,val_loss,15,39,24,0.8888000249862671,0.31442055106163025,0.0,1
l2_0.001,val_accuracy,1,11,10,0.8820000290870667,0.3338859975337982,0.679999589920044,29
l2_0.001,val_accuracy,2,12,10,0.8820000290870667,0.3338859975337982,0.679999589920044,28
l2_0.001,val_accuracy,3,20,17,0.8849999904632568,0.3288987874984741,0.3800034523010254,20
l2_0.001,val_accuracy,4,21,17,0.8849999904632568,0.3288987874984741,0.3800034523010254,19
l2_0.001,val_accuracy,5,22,17,0.8849999904632568,0.3288987874984741,0.3800034523010254,18
l2_0.001,val_accuracy,6,30,24,0.8888000249862671,0.31442055106163025,0.0,10
l2_0.001,val_accuracy,7,31,24,0.8888000249862671,0.31442055106163025,0.0,9
l2_0.001,val_accuracy,8,32,24,0.8888000249862671,0.31442055106163025,0.0,8
l2_0.001,val_accuracy,9,33,24,0.8888000249862671,0.31442055106163025,0.0,7
l2_0.001,val_accuracy,10,34,24,0.8888000249862671,0.31442055106163025,0.0,6
l2_0.001,val_accuracy,11,35,24,0.8888000249862671,0.31442055106163025,0.0,5
l2_0.001,val_accuracy,12,36,24,0.8888000249862671,0.31442055106163025,0.0,4
l2_0.001,val_accuracy,13,37,24,0.8888000249862671,0.31442055106163025,0.0,3
l2_0.001,val_accuracy,14,38,24,0.8888000249862671,0.31442055106163025,0.0,2
l2_0.001,val_accuracy,15,39,24,0.8888000249862671,0.31442055106163025,0.0,1
l2_0.01,val_loss,1,18,17,0.8605999946594238,0.39439764618873596,0.5999982357025146,22
l2_0.01,val_loss,2,27,25,0.8593000173568726,0.38966333866119385,0.7299959659576416,13
l2_0.01,val_loss,3,28,25,0.8593000173568726,0.38966333866119385,0.7299959659576416,12
l2_0.01,val_loss,4,40,36,0.8664000034332275,0.3768565058708191,0.019997358322143555,0
l2_0.01,val_loss,5,40,36,0.8664000034332275,0.3768565058708191,0.019997358322143555,0
l2_0.01,val_loss,6,40,36,0.8664000034332275,0.3768565058708191,0.019997358322143555,0
l2_0.01,val_loss,7,40,36,0.8664000034332275,0.3768565058708191,0.019997358322143555,0
l2_0.01,val_loss,8,40,36,0.8664000034332275,0.3768565058708191,0.019997358322143555,0
l2_0.01,val_loss,9,40,36,0.8664000034332275,0.3768565058708191,0.019997358322143555,0
l2_0.01,val_loss,10,40,36,0.8664000034332275,0.3768565058708191,0.019997358322143555,0
l2_0.01,val_loss,11,40,36,0.8664000034332275,0.3768565058708191,0.019997358322143555,0
l2_0.01,val_loss,12,40,36,0.8664000034332275,0.3768565058708191,0.019997358322143555,0
l2_0.01,val_loss,13,40,36,0.8664000034332275,0.3768565058708191,0.019997358322143555,0
l2_0.01,val_loss,14,40,36,0.8664000034332275,0.3768565058708191,0.019997358322143555,0
l2_0.01,val_loss,15,40,36,0.8664000034332275,0.3768565058708191,0.019997358322143555,0
l2_0.01,val_accuracy,1,10,9,0.8478999733924866,0.4264584481716156,1.8700003623962402,30
l2_0.01,val_accuracy,2,19,17,0.8605999946594238,0.39439764618873596,0.5999982357025146,21
l2_0.01,val_accuracy,3,20,17,0.8605999946594238,0.39439764618873596,0.5999982357025146,20
l2_0.01,val_accuracy,4,21,17,0.8605999946594238,0.39439764618873596,0.5999982357025146,19
l2_0.01,val_accuracy,5,22,17,0.8605999946594238,0.39439764618873596,0.5999982357025146,18
l2_0.01,val_accuracy,6,23,17,0.8605999946594238,0.39439764618873596,0.5999982357025146,17
l2_0.01,val_accuracy,7,24,17,0.8605999946594238,0.39439764618873596,0.5999982357025146,16
l2_0.01,val_accuracy,8,25,17,0.8605999946594238,0.39439764618873596,0.5999982357025146,15
l2_0.01,val_accuracy,9,26,17,0.8605999946594238,0.39439764618873596,0.5999982357025146,14
l2_0.01,val_accuracy,10,27,17,0.8605999946594238,0.39439764618873596,0.5999982357025146,13
l2_0.01,val_accuracy,11,28,17,0.8605999946594238,0.39439764618873596,0.5999982357025146,12
l2_0.01,val_accuracy,12,40,38,0.866599977016449,0.3769886791706085,0.0,0
l2_0.01,val_accuracy,13,40,38,0.866599977016449,0.3769886791706085,0.0,0
l2_0.01,val_accuracy,14,40,38,0.866599977016449,0.3769886791706085,0.0,0
l2_0.01,val_accuracy,15,40,38,0.866599977016449,0.3769886791706085,0.0,0
dropout_0.2,val_loss,1,12,11,0.8898000121116638,0.298919141292572,1.269996166229248,28
dropout_0.2,val_loss,2,13,11,0.8898000121116638,0.298919141292572,1.269996166229248,27
dropout_0.2,val_loss,3,17,14,0.8944000005722046,0.29324737191200256,0.8099973201751709,23
dropout_0.2,val_loss,4,25,21,0.8974999785423279,0.2891286313533783,0.4999995231628418,15
dropout_0.2,val_loss,5,26,21,0.8974999785423279,0.2891286313533783,0.4999995231628418,14
dropout_0.2,val_loss,6,27,21,0.8974999785423279,0.2891286313533783,0.4999995231628418,13
dropout_0.2,val_loss,7,28,21,0.8974999785423279,0.2891286313533783,0.4999995231628418,12
dropout_0.2,val_loss,8,29,21,0.8974999785423279,0.2891286313533783,0.4999995231628418,11
dropout_0.2,val_loss,9,30,21,0.8974999785423279,0.2891286313533783,0.4999995231628418,10
dropout_0.2,val_loss,10,31,21,0.8974999785423279,0.2891286313533783,0.4999995231628418,9
dropout_0.2,val_loss,11,32,21,0.8974999785423279,0.2891286313533783,0.4999995231628418,8
dropout_0.2,val_loss,12,33,21,0.8974999785423279,0.2891286313533783,0.4999995231628418,7
dropout_0.2,val_loss,13,34,21,0.8974999785423279,0.2891286313533783,0.4999995231628418,6
dropout_0.2,val_loss,14,35,21,0.8974999785423279,0.2891286313533783,0.4999995231628418,5
dropout_0.2,val_loss,15,36,21,0.8974999785423279,0.2891286313533783,0.4999995231628418,4
dropout_0.2,val_accuracy,1,11,10,0.892300009727478,0.30128923058509827,1.0199964046478271,29
dropout_0.2,val_accuracy,2,12,10,0.892300009727478,0.30128923058509827,1.0199964046478271,28
dropout_0.2,val_accuracy,3,13,10,0.892300009727478,0.30128923058509827,1.0199964046478271,27
dropout_0.2,val_accuracy,4,23,19,0.8978000283241272,0.29145967960357666,0.46999454498291016,17
dropout_0.2,val_accuracy,5,30,25,0.9007999897003174,0.2924047112464905,0.1699984073638916,10
dropout_0.2,val_accuracy,6,31,25,0.9007999897003174,0.2924047112464905,0.1699984073638916,9
dropout_0.2,val_accuracy,7,32,25,0.9007999897003174,0.2924047112464905,0.1699984073638916,8
dropout_0.2,val_accuracy,8,33,25,0.9007999897003174,0.2924047112464905,0.1699984073638916,7
dropout_0.2,val_accuracy,9,34,25,0.9007999897003174,0.2924047112464905,0.1699984073638916,6
dropout_0.2,val_accuracy,10,35,25,0.9007999897003174,0.2924047112464905,0.1699984073638916,5
dropout_0.2,val_accuracy,11,36,25,0.9007999897003174,0.2924047112464905,0.1699984073638916,4
dropout_0.2,val_accuracy,12,37,25,0.9007999897003174,0.2924047112464905,0.1699984073638916,3
dropout_0.2,val_accuracy,13,40,40,0.9024999737739563,0.30249863862991333,0.0,0
dropout_0.2,val_accuracy,14,40,40,0.9024999737739563,0.30249863862991333,0.0,0
dropout_0.2,val_accuracy,15,40,40,0.9024999737739563,0.30249863862991333,0.0,0
dropout_0.4,val_loss,1,12,11,0.8827999830245972,0.3180519938468933,1.2100040912628174,28
dropout_0.4,val_loss,2,22,20,0.8913999795913696,0.3062645494937897,0.3500044345855713,18
dropout_0.4,val_loss,3,23,20,0.8913999795913696,0.3062645494937897,0.3500044345855713,17
dropout_0.4,val_loss,4,40,39,0.8949000239372253,0.29622265696525574,0.0,0
dropout_0.4,val_loss,5,40,39,0.8949000239372253,0.29622265696525574,0.0,0
dropout_0.4,val_loss,6,40,39,0.8949000239372253,0.29622265696525574,0.0,0
dropout_0.4,val_loss,7,40,39,0.8949000239372253,0.29622265696525574,0.0,0
dropout_0.4,val_loss,8,40,39,0.8949000239372253,0.29622265696525574,0.0,0
dropout_0.4,val_loss,9,40,39,0.8949000239372253,0.29622265696525574,0.0,0
dropout_0.4,val_loss,10,40,39,0.8949000239372253,0.29622265696525574,0.0,0
dropout_0.4,val_loss,11,40,39,0.8949000239372253,0.29622265696525574,0.0,0
dropout_0.4,val_loss,12,40,39,0.8949000239372253,0.29622265696525574,0.0,0
dropout_0.4,val_loss,13,40,39,0.8949000239372253,0.29622265696525574,0.0,0
dropout_0.4,val_loss,14,40,39,0.8949000239372253,0.29622265696525574,0.0,0
dropout_0.4,val_loss,15,40,39,0.8949000239372253,0.29622265696525574,0.0,0
dropout_0.4,val_accuracy,1,10,9,0.8784000277519226,0.3293074071407318,1.6499996185302734,30
dropout_0.4,val_accuracy,2,15,13,0.8852999806404114,0.31654244661331177,0.9600043296813965,25
dropout_0.4,val_accuracy,3,19,16,0.8871999979019165,0.31574228405952454,0.7700026035308838,21
dropout_0.4,val_accuracy,4,24,20,0.8913999795913696,0.3062645494937897,0.3500044345855713,16
dropout_0.4,val_accuracy,5,25,20,0.8913999795913696,0.3062645494937897,0.3500044345855713,15
dropout_0.4,val_accuracy,6,26,20,0.8913999795913696,0.3062645494937897,0.3500044345855713,14
dropout_0.4,val_accuracy,7,27,20,0.8913999795913696,0.3062645494937897,0.3500044345855713,13
dropout_0.4,val_accuracy,8,28,20,0.8913999795913696,0.3062645494937897,0.3500044345855713,12
dropout_0.4,val_accuracy,9,40,39,0.8949000239372253,0.29622265696525574,0.0,0
dropout_0.4,val_accuracy,10,40,39,0.8949000239372253,0.29622265696525574,0.0,0
dropout_0.4,val_accuracy,11,40,39,0.8949000239372253,0.29622265696525574,0.0,0
dropout_0.4,val_accuracy,12,40,39,0.8949000239372253,0.29622265696525574,0.0,0
dropout_0.4,val_accuracy,13,40,39,0.8949000239372253,0.29622265696525574,0.0,0
dropout_0.4,val_accuracy,14,40,39,0.8949000239372253,0.29622265696525574,0.0,0
dropout_0.4,val_accuracy,15,40,39,0.8949000239372253,0.29622265696525574,0.0,0
