tag,model,seed,config_hash,init,l2,dropout,epochs_run,best_epoch,best_val_acc,clean_train_acc_at_best,clean_gap_at_best,min_val_ce,train_time_s,source,git_commit,tensorflow,created_utc
baseline,baseline,42,c742ea3702,glorot_uniform (default),0.0,0.0,40,20,0.8974,0.9294,0.032,0.30666,47.2,notebook,,,
baseline__seed2024,baseline,2024,c742ea3702,glorot_uniform (default),0.0,0.0,40,24,0.8951,0.9312,0.0361,0.31379,45.6,notebook,,,
baseline__seed7,baseline,7,c742ea3702,glorot_uniform (default),0.0,0.0,40,16,0.8963,0.9314,0.0351,0.30635,47.0,notebook,,,
dropout_0.2,dropout_0.2,42,582ce258f1,he_normal,0.0,0.2,40,40,0.9025,0.9384,0.0359,0.28913,52.0,notebook,,,
dropout_0.2__seed2024,dropout_0.2,2024,582ce258f1,he_normal,0.0,0.2,40,32,0.902,0.9335,0.0315,0.29241,48.6,notebook,,,
dropout_0.2__seed7,dropout_0.2,7,582ce258f1,he_normal,0.0,0.2,40,36,0.8985,0.9369,0.0384,0.29965,49.5,notebook,,,
dropout_0.4,dropout_0.4,42,9fb4c5a4be,he_normal,0.0,0.4,40,39,0.8949,0.9204,0.0255,0.29622,50.5,notebook,,,
dropout_0.4__seed2024,dropout_0.4,2024,9fb4c5a4be,he_normal,0.0,0.4,40,32,0.894,0.9175,0.0235,0.30319,49.0,notebook,,,
dropout_0.4__seed7,dropout_0.4,7,9fb4c5a4be,he_normal,0.0,0.4,40,37,0.8936,0.9234,0.0298,0.30334,48.6,notebook,,,
he_init,he_init,42,b2b6501972,he_normal,0.0,0.0,40,26,0.8971,0.939,0.0419,0.30853,46.6,notebook,,,
he_init__seed2024,he_init,2024,b2b6501972,he_normal,0.0,0.0,40,15,0.8932,0.9255,0.0323,0.30823,45.9,notebook,,,
he_init__seed7,he_init,7,b2b6501972,he_normal,0.0,0.0,40,27,0.8954,0.9388,0.0434,0.31328,45.3,notebook,,,
l2_0.001,l2_0.001,42,66bbd1421d,he_normal,0.001,0.0,40,24,0.8888,0.9066,0.0178,0.31442,48.7,notebook,,,
l2_0.001__seed2024,l2_0.001,2024,66bbd1421d,he_normal,0.001,0.0,40,38,0.8893,0.9148,0.0255,0.30602,46.0,notebook,,,
l2_0.001__seed7,l2_0.001,7,66bbd1421d,he_normal,0.001,0.0,40,22,0.8911,0.9081,0.017,0.30477,49.4,notebook,,,
l2_0.01,l2_0.01,42,b800e890c2,he_normal,0.01,0.0,40,38,0.8666,0.8668,0.0002,0.37686,47.2,notebook,,,
l2_0.01__seed2024,l2_0.01,2024,b800e890c2,he_normal,0.01,0.0,40,37,0.8638,0.8651,0.0013,0.38113,47.3,notebook,,,
l2_0.01__seed7,l2_0.01,7,b800e890c2,he_normal,0.01,0.0,40,40,0.8678,0.872,0.0042,0.3715,47.0,notebook,,,
tuned,tuned,42,c7c52c33d2,he_uniform,1.0405091433266524e-05,0.15000000000000002,40,34,0.9025,0.9372,0.0347,0.28911,60.2,notebook,,,
tuned__seed2024,tuned,2024,c7c52c33d2,he_uniform,1.0405091433266524e-05,0.15000000000000002,40,35,0.9005,0.9444,0.0439,0.2937,50.0,notebook,,,
tuned__seed7,tuned,7,c7c52c33d2,he_uniform,1.0405091433266524e-05,0.15000000000000002,40,34,0.9004,0.9401,0.0397,0.29294,52.1,notebook,,,
