model,seed,best_val_acc,best_epoch,clean_gap,train_acc,rank
baseline,42,0.8974000215530396,20,0.03199997844696045,0.9364399909973145,2.0
he_init,42,0.8970999717712402,26,0.04190002822875971,0.9469000101089478,3.0
l2_0.001,42,0.8888000249862671,24,0.01779997501373287,0.8983399868011475,5.0
l2_0.01,42,0.866599977016449,38,0.0002000229835510403,0.8607800006866455,6.0
dropout_0.2,42,0.9024999737739563,40,0.03590002622604371,0.9227799773216248,1.0
dropout_0.4,42,0.8949000239372253,39,0.025499976062774654,0.8924999833106995,4.0
baseline,7,0.8963000178337097,16,0.03509998216629029,0.9286400079727173,2.0
he_init,7,0.8953999876976013,27,0.04340001230239865,0.9480599761009216,3.0
l2_0.001,7,0.8910999894142151,22,0.01700001058578493,0.897819995880127,5.0
l2_0.01,7,0.8677999973297119,40,0.004200002670288083,0.8622599840164185,6.0
dropout_0.2,7,0.8985000252723694,36,0.03839997472763057,0.920199990272522,1.0
dropout_0.4,7,0.8935999870300293,37,0.0298000129699707,0.8925600051879883,4.0
baseline,2024,0.8950999975204468,24,0.03610000247955325,0.9432799816131592,2.0
he_init,2024,0.8931999802589417,15,0.03230001974105834,0.9264799952507019,4.0
l2_0.001,2024,0.8892999887466431,38,0.02550001125335688,0.9092599749565125,5.0
l2_0.01,2024,0.8637999892234802,37,0.0013000107765197555,0.8591600060462952,6.0
dropout_0.2,2024,0.9020000100135803,32,0.031499989986419674,0.9173799753189087,1.0
dropout_0.4,2024,0.8939999938011169,32,0.02350000619888304,0.8877800107002258,3.0
tuned,42,0.9024999737739563,34,0.034700026226043734,0.9209399819374084,
tuned,7,0.9003999829292297,34,0.03970001707077031,0.925599992275238,
tuned,2024,0.9004999995231628,35,0.043900000476837175,0.9246600270271301,
